question_id,model,label,score
74891998,chat-gpt-3.5,neutral,0.9997758269309998
74891998,original-answer,neutral,0.9996942281723022
74891998,llama,neutral,0.9997507929801941
75766948,chat-gpt-3.5,neutral,0.9997450709342957
75766948,original-answer,neutral,0.9990608096122742
75766948,llama,neutral,0.9997106194496155
74844325,chat-gpt-3.5,neutral,0.999700665473938
74844325,original-answer,neutral,0.999453604221344
74844325,llama,neutral,0.9997050166130066
75922360,chat-gpt-3.5,neutral,0.9996956586837769
75922360,original-answer,neutral,0.9997182488441467
75922360,llama,neutral,0.9997709393501282
75894490,chat-gpt-3.5,neutral,0.9997621178627014
75894490,original-answer,neutral,0.999758780002594
75894490,llama,neutral,0.9997244477272034
75128735,chat-gpt-3.5,neutral,0.9996782541275024
75128735,original-answer,neutral,0.9995661377906799
75128735,llama,neutral,0.9997649788856506
75418451,chat-gpt-3.5,neutral,0.9997239708900452
75418451,original-answer,neutral,0.9997435212135315
75418451,llama,neutral,0.9996329545974731
74787773,chat-gpt-3.5,neutral,0.9996482133865356
74787773,original-answer,neutral,0.9978931546211243
74787773,llama,neutral,0.997963547706604
74910981,chat-gpt-3.5,neutral,0.9997506737709045
74910981,original-answer,neutral,0.9997773766517639
74910981,llama,neutral,0.9640530347824097
75953590,chat-gpt-3.5,neutral,0.999579131603241
75953590,original-answer,neutral,0.93471360206604
75953590,llama,neutral,0.9997145533561707
74955237,chat-gpt-3.5,neutral,0.9997126460075378
74955237,original-answer,neutral,0.9997134804725647
74955237,llama,neutral,0.9997312426567078
75309327,chat-gpt-3.5,neutral,0.9996380805969238
75309327,original-answer,neutral,0.9996490478515625
75309327,llama,neutral,0.9996445178985596
75274866,chat-gpt-3.5,neutral,0.9997119307518005
75274866,original-answer,neutral,0.9997885823249817
75274866,llama,neutral,0.9994718432426453
75124044,chat-gpt-3.5,neutral,0.9996100068092346
75124044,original-answer,negative,0.9840654730796814
75124044,llama,positive,0.9985905289649963
75754152,chat-gpt-3.5,neutral,0.9997205138206482
75754152,original-answer,neutral,0.9996556043624878
75754152,llama,positive,0.9939163327217102
75727923,chat-gpt-3.5,neutral,0.9997149109840393
75727923,original-answer,neutral,0.6736592650413513
75727923,llama,neutral,0.9996950626373291
75828054,chat-gpt-3.5,positive,0.9993771910667419
75828054,original-answer,neutral,0.9763565063476562
75828054,llama,neutral,0.9996243715286255
76040523,chat-gpt-3.5,neutral,0.9997544884681702
76040523,original-answer,neutral,0.9993914365768433
76040523,llama,neutral,0.9997654557228088
74639660,chat-gpt-3.5,neutral,0.9997624754905701
74639660,original-answer,negative,0.9499616622924805
74639660,llama,positive,0.9971134662628174
75361470,chat-gpt-3.5,neutral,0.9996622800827026
75361470,original-answer,neutral,0.9984863996505737
75361470,llama,neutral,0.999024510383606
75394657,chat-gpt-3.5,neutral,0.9996349811553955
75394657,original-answer,neutral,0.9996792078018188
75394657,llama,positive,0.9967120885848999
75678528,chat-gpt-3.5,neutral,0.999728262424469
75678528,original-answer,neutral,0.9988192915916443
75678528,llama,neutral,0.9996933937072754
74792246,chat-gpt-3.5,neutral,0.9996274709701538
74792246,original-answer,neutral,0.999695897102356
74792246,llama,positive,0.9953853487968445
75137675,chat-gpt-3.5,neutral,0.9995535016059875
75137675,original-answer,neutral,0.9997135996818542
75137675,llama,positive,0.9996283054351807
75676718,chat-gpt-3.5,neutral,0.9995567202568054
75676718,original-answer,neutral,0.9994567036628723
75676718,llama,neutral,0.9996386766433716
75345766,chat-gpt-3.5,neutral,0.9997147917747498
75345766,original-answer,neutral,0.9996212720870972
75345766,llama,neutral,0.999691367149353
75259576,chat-gpt-3.5,neutral,0.9997449517250061
75259576,original-answer,neutral,0.9994416832923889
75259576,llama,negative,0.847582995891571
75535945,chat-gpt-3.5,neutral,0.9997010827064514
75535945,original-answer,neutral,0.999570906162262
75535945,llama,neutral,0.9997391104698181
74886135,chat-gpt-3.5,neutral,0.9995423555374146
74886135,original-answer,neutral,0.9994223117828369
74886135,llama,neutral,0.9977273344993591
75412023,chat-gpt-3.5,neutral,0.9997583031654358
75412023,original-answer,neutral,0.9997522234916687
75412023,llama,positive,0.9988718628883362
76053426,chat-gpt-3.5,neutral,0.9996503591537476
76053426,original-answer,neutral,0.9996825456619263
76053426,llama,neutral,0.6695181727409363
75477705,chat-gpt-3.5,neutral,0.9996705055236816
75477705,original-answer,neutral,0.9997438788414001
75477705,llama,neutral,0.9997246861457825
75926446,chat-gpt-3.5,neutral,0.9996693134307861
75926446,original-answer,neutral,0.999672532081604
75926446,llama,neutral,0.9972966313362122
75141068,chat-gpt-3.5,neutral,0.999649167060852
75141068,original-answer,neutral,0.9995672106742859
75141068,llama,neutral,0.9996825456619263
75279839,chat-gpt-3.5,neutral,0.9997286200523376
75279839,original-answer,neutral,0.9976654052734375
75279839,llama,neutral,0.9997305274009705
74625933,chat-gpt-3.5,neutral,0.9997826218605042
74625933,original-answer,neutral,0.9996272325515747
74625933,llama,neutral,0.999762237071991
75888265,chat-gpt-3.5,neutral,0.9997449517250061
75888265,original-answer,neutral,0.9997456669807434
75888265,llama,positive,0.9997768998146057
75606592,chat-gpt-3.5,neutral,0.9997088313102722
75606592,original-answer,neutral,0.9996871948242188
75606592,llama,neutral,0.9996767044067383
75767654,chat-gpt-3.5,neutral,0.9996433258056641
75767654,original-answer,neutral,0.9983055591583252
75767654,llama,neutral,0.999582827091217
75792418,chat-gpt-3.5,neutral,0.9993268251419067
75792418,original-answer,neutral,0.9997219443321228
75792418,llama,neutral,0.999351441860199
75897290,chat-gpt-3.5,neutral,0.9959625601768494
75897290,original-answer,neutral,0.9996920824050903
75897290,llama,positive,0.9995248317718506
75300420,chat-gpt-3.5,neutral,0.9996944665908813
75300420,original-answer,neutral,0.9994076490402222
75300420,llama,positive,0.9932622313499451
74903024,chat-gpt-3.5,neutral,0.9997557997703552
74903024,original-answer,positive,0.9997671246528625
74903024,llama,positive,0.9994956254959106
74727222,chat-gpt-3.5,neutral,0.9996777772903442
74727222,original-answer,neutral,0.9995576739311218
74727222,llama,neutral,0.999698281288147
75594376,chat-gpt-3.5,neutral,0.9997596144676208
75594376,original-answer,neutral,0.9997503161430359
75594376,llama,neutral,0.9997299313545227
75779286,chat-gpt-3.5,neutral,0.9997301697731018
75779286,original-answer,neutral,0.9996243715286255
75779286,llama,neutral,0.9996589422225952
75701487,chat-gpt-3.5,neutral,0.9997463822364807
75701487,original-answer,neutral,0.9874706864356995
75701487,llama,neutral,0.9996851682662964
75581187,chat-gpt-3.5,neutral,0.9997367262840271
75581187,original-answer,neutral,0.9996417760848999
75581187,llama,positive,0.9983153343200684
75818472,chat-gpt-3.5,neutral,0.9997155070304871
75818472,original-answer,neutral,0.9997594952583313
75818472,llama,neutral,0.9994294047355652
75259335,chat-gpt-3.5,neutral,0.9996508359909058
75259335,original-answer,neutral,0.9997630715370178
75259335,llama,neutral,0.9995163679122925
74941125,chat-gpt-3.5,neutral,0.9996540546417236
74941125,original-answer,neutral,0.9995244741439819
74941125,llama,neutral,0.9995575547218323
74776494,chat-gpt-3.5,neutral,0.999679684638977
74776494,original-answer,neutral,0.9996403455734253
74776494,llama,neutral,0.9996974468231201
75621833,chat-gpt-3.5,neutral,0.9996658563613892
75621833,original-answer,neutral,0.9995985627174377
75621833,llama,neutral,0.9996618032455444
74873498,chat-gpt-3.5,neutral,0.9997444748878479
74873498,original-answer,neutral,0.9995915293693542
74873498,llama,neutral,0.9996374845504761
74829371,chat-gpt-3.5,neutral,0.9994845390319824
74829371,original-answer,neutral,0.999656081199646
74829371,llama,neutral,0.9994940757751465
74625152,chat-gpt-3.5,neutral,0.9995895028114319
74625152,original-answer,neutral,0.9985211491584778
74625152,llama,neutral,0.9996054768562317
74985752,chat-gpt-3.5,neutral,0.9994876384735107
74985752,original-answer,neutral,0.9996343851089478
74985752,llama,neutral,0.9996423721313477
75388014,chat-gpt-3.5,neutral,0.9996235370635986
75388014,original-answer,neutral,0.999725878238678
75388014,llama,neutral,0.9997518658638
75652520,chat-gpt-3.5,neutral,0.9996882677078247
75652520,original-answer,neutral,0.9997561573982239
75652520,llama,positive,0.9997478127479553
75610201,chat-gpt-3.5,neutral,0.9997562766075134
75610201,original-answer,neutral,0.9997405409812927
75610201,llama,neutral,0.9997063279151917
75004091,chat-gpt-3.5,neutral,0.9997041821479797
75004091,original-answer,neutral,0.9995953440666199
75004091,llama,neutral,0.9995410442352295
75686934,chat-gpt-3.5,neutral,0.9996793270111084
75686934,original-answer,neutral,0.9985666871070862
75686934,llama,neutral,0.9989560842514038
75133191,chat-gpt-3.5,neutral,0.9997138381004333
75133191,original-answer,neutral,0.9995123147964478
75133191,llama,neutral,0.9994662404060364
75536237,chat-gpt-3.5,neutral,0.9996428489685059
75536237,original-answer,neutral,0.9997512698173523
75536237,llama,neutral,0.9997171759605408
75681460,chat-gpt-3.5,neutral,0.9997745156288147
75681460,original-answer,neutral,0.999612033367157
75681460,llama,neutral,0.9997280240058899
75255746,chat-gpt-3.5,neutral,0.9997442364692688
75255746,original-answer,neutral,0.9448504447937012
75255746,llama,neutral,0.9997506737709045
74894428,chat-gpt-3.5,neutral,0.9997314810752869
74894428,original-answer,neutral,0.9996556043624878
74894428,llama,neutral,0.999632716178894
75701352,chat-gpt-3.5,neutral,0.9996613264083862
75701352,original-answer,neutral,0.9997226595878601
75701352,llama,neutral,0.999303936958313
75355962,chat-gpt-3.5,neutral,0.9995492100715637
75355962,original-answer,neutral,0.9997217059135437
75355962,llama,neutral,0.9996689558029175
76046277,chat-gpt-3.5,neutral,0.9997676014900208
76046277,original-answer,neutral,0.9996988773345947
76046277,llama,neutral,0.999734103679657
74958798,chat-gpt-3.5,neutral,0.9997345805168152
74958798,original-answer,neutral,0.9996144771575928
74958798,llama,positive,0.9984879493713379
75940783,chat-gpt-3.5,neutral,0.9995864033699036
75940783,original-answer,neutral,0.9995583891868591
75940783,llama,positive,0.9988282322883606
75449324,chat-gpt-3.5,neutral,0.9996746778488159
75449324,original-answer,neutral,0.9997146725654602
75449324,llama,neutral,0.9997169375419617
74645329,chat-gpt-3.5,neutral,0.9996747970581055
74645329,original-answer,neutral,0.9996090531349182
74645329,llama,positive,0.999518871307373
75973321,chat-gpt-3.5,neutral,0.9997298121452332
75973321,original-answer,positive,0.9608464241027832
75973321,llama,neutral,0.9996739625930786
74952536,chat-gpt-3.5,neutral,0.9996873140335083
74952536,original-answer,negative,0.9992144107818604
74952536,llama,neutral,0.9980040192604065
75491505,chat-gpt-3.5,neutral,0.9995929598808289
75491505,original-answer,neutral,0.9935398697853088
75491505,llama,neutral,0.9996695518493652
75705927,chat-gpt-3.5,neutral,0.9996578693389893
75705927,original-answer,neutral,0.9996962547302246
75705927,llama,neutral,0.9996697902679443
74678625,chat-gpt-3.5,neutral,0.9997543692588806
74678625,original-answer,neutral,0.9996168613433838
74678625,llama,positive,0.9996535778045654
75442293,chat-gpt-3.5,positive,0.9987251162528992
75442293,original-answer,neutral,0.9971413016319275
75442293,llama,neutral,0.9997525811195374
74673173,chat-gpt-3.5,neutral,0.9996533393859863
74673173,original-answer,neutral,0.9996414184570312
74673173,llama,neutral,0.9997228980064392
75203685,chat-gpt-3.5,neutral,0.9997138381004333
75203685,original-answer,neutral,0.9993539452552795
75203685,llama,neutral,0.9996439218521118
74836161,chat-gpt-3.5,neutral,0.999539852142334
74836161,original-answer,neutral,0.9996242523193359
74836161,llama,neutral,0.9993996620178223
75499333,chat-gpt-3.5,neutral,0.9996289014816284
75499333,original-answer,neutral,0.9762634634971619
75791645,chat-gpt-3.5,neutral,0.999755322933197
75791645,original-answer,neutral,0.9997656941413879
75791645,llama,positive,0.998556911945343
75005196,chat-gpt-3.5,neutral,0.9997455477714539
75005196,original-answer,neutral,0.9996029734611511
75005196,llama,positive,0.8891854882240295
75010505,chat-gpt-3.5,positive,0.9994902610778809
75010505,original-answer,neutral,0.9997541308403015
75010505,llama,neutral,0.8251178860664368
75723026,chat-gpt-3.5,neutral,0.9993477463722229
75723026,original-answer,neutral,0.9997004270553589
75723026,llama,positive,0.955903947353363
75900187,chat-gpt-3.5,neutral,0.9995840191841125
75900187,original-answer,neutral,0.9997429251670837
75900187,llama,neutral,0.9997202754020691
75717363,chat-gpt-3.5,neutral,0.9997274279594421
75717363,original-answer,neutral,0.9996883869171143
75717363,llama,neutral,0.9997127652168274
75579311,chat-gpt-3.5,neutral,0.9997246861457825
75579311,original-answer,neutral,0.9996529817581177
75579311,llama,neutral,0.9995966553688049
75517315,chat-gpt-3.5,neutral,0.9996784925460815
75517315,original-answer,neutral,0.9997162222862244
75517315,llama,positive,0.9991974234580994
75717664,chat-gpt-3.5,neutral,0.9997625946998596
75717664,original-answer,neutral,0.9989870190620422
75717664,llama,neutral,0.9995983242988586
74971911,chat-gpt-3.5,neutral,0.9997468590736389
74971911,original-answer,neutral,0.9996932744979858
74971911,llama,neutral,0.9955288767814636
75441608,chat-gpt-3.5,neutral,0.9996944665908813
75441608,original-answer,neutral,0.9996531009674072
75441608,llama,positive,0.9992851614952087
74758047,chat-gpt-3.5,neutral,0.9996336698532104
74758047,original-answer,neutral,0.999612033367157
74758047,llama,neutral,0.9991052746772766
75233987,chat-gpt-3.5,neutral,0.9997026324272156
75233987,original-answer,neutral,0.9997435212135315
75233987,llama,neutral,0.9997197985649109
76037084,chat-gpt-3.5,neutral,0.9997510313987732
76037084,original-answer,neutral,0.9996455907821655
76037084,llama,positive,0.99977046251297
74691834,chat-gpt-3.5,neutral,0.9997610449790955
74691834,original-answer,neutral,0.9996566772460938
74691834,llama,neutral,0.999626874923706
75920221,chat-gpt-3.5,neutral,0.9992678761482239
75920221,original-answer,neutral,0.9996131062507629
75920221,llama,neutral,0.9995607733726501
75056900,chat-gpt-3.5,neutral,0.9997110962867737
75056900,original-answer,neutral,0.999616265296936
75056900,llama,neutral,0.9988306164741516
75689998,chat-gpt-3.5,neutral,0.9995654225349426
75689998,original-answer,neutral,0.9997316002845764
75689998,llama,neutral,0.9995985627174377
75221294,chat-gpt-3.5,neutral,0.9997742772102356
75221294,original-answer,neutral,0.9997023940086365
75221294,llama,neutral,0.9783680438995361
74729692,chat-gpt-3.5,neutral,0.9996529817581177
74729692,original-answer,neutral,0.9996299743652344
74729692,llama,neutral,0.9995244741439819
76034504,chat-gpt-3.5,neutral,0.9995021820068359
76034504,original-answer,neutral,0.9964788556098938
76034504,llama,neutral,0.999626874923706
75211654,chat-gpt-3.5,neutral,0.999744713306427
75211654,original-answer,negative,0.6735265254974365
75211654,llama,neutral,0.9997764229774475
74962116,chat-gpt-3.5,neutral,0.9996480941772461
74962116,original-answer,neutral,0.9996316432952881
74962116,llama,neutral,0.9996368885040283
74717107,chat-gpt-3.5,neutral,0.9997400641441345
74717107,original-answer,neutral,0.9985345602035522
74717107,llama,neutral,0.9993896484375
75974000,chat-gpt-3.5,neutral,0.9995638728141785
75974000,original-answer,neutral,0.9960641264915466
75974000,llama,neutral,0.9994813799858093
75298311,chat-gpt-3.5,neutral,0.9996613264083862
75298311,original-answer,neutral,0.9997523427009583
75298311,llama,positive,0.9987789988517761
75037519,chat-gpt-3.5,neutral,0.9997082352638245
75037519,original-answer,neutral,0.9992274045944214
75037519,llama,positive,0.9986451268196106
74929519,chat-gpt-3.5,neutral,0.9996984004974365
74929519,original-answer,neutral,0.9993993043899536
74929519,llama,neutral,0.9996920824050903
74622976,chat-gpt-3.5,neutral,0.9997112154960632
74622976,original-answer,neutral,0.9996392726898193
74622976,llama,neutral,0.9997363686561584
75114654,chat-gpt-3.5,neutral,0.9997283816337585
75114654,original-answer,neutral,0.9821997880935669
75114654,llama,neutral,0.9994819760322571
75854182,chat-gpt-3.5,neutral,0.9997299313545227
75854182,original-answer,neutral,0.9996404647827148
75854182,llama,positive,0.9997338652610779
75093391,chat-gpt-3.5,neutral,0.999729573726654
75093391,original-answer,neutral,0.9997171759605408
75093391,llama,neutral,0.9955897331237793
75193954,chat-gpt-3.5,neutral,0.9997170567512512
75193954,original-answer,neutral,0.999616265296936
75389612,chat-gpt-3.5,neutral,0.9994363188743591
75389612,original-answer,neutral,0.9997629523277283
75389612,llama,neutral,0.9996672868728638
75802587,chat-gpt-3.5,neutral,0.999710738658905
75802587,original-answer,neutral,0.9127522706985474
75802587,llama,neutral,0.9995710253715515
75258460,chat-gpt-3.5,neutral,0.9997132420539856
75258460,original-answer,neutral,0.9997376799583435
75258460,llama,positive,0.9573913812637329
75323021,chat-gpt-3.5,neutral,0.9996539354324341
75323021,original-answer,neutral,0.9997316002845764
75323021,llama,positive,0.9996122717857361
75617550,chat-gpt-3.5,neutral,0.9996403455734253
75617550,original-answer,neutral,0.9995656609535217
75617550,llama,neutral,0.9996659755706787
75150846,chat-gpt-3.5,neutral,0.9996232986450195
75150846,original-answer,neutral,0.9888743162155151
75150846,llama,neutral,0.9995244741439819
74934470,chat-gpt-3.5,neutral,0.9997056126594543
74934470,original-answer,neutral,0.9997560381889343
74934470,llama,positive,0.999727189540863
75579392,chat-gpt-3.5,neutral,0.9997730851173401
75579392,original-answer,neutral,0.9997652173042297
75579392,llama,neutral,0.9996211528778076
75155658,chat-gpt-3.5,neutral,0.9996849298477173
75155658,original-answer,neutral,0.9997681975364685
75155658,llama,neutral,0.989001989364624
75312392,chat-gpt-3.5,neutral,0.9997001886367798
75312392,original-answer,neutral,0.9996424913406372
75312392,llama,neutral,0.9997640252113342
75459074,chat-gpt-3.5,neutral,0.9996893405914307
75459074,original-answer,neutral,0.9996160268783569
75459074,llama,positive,0.9971797466278076
74743227,chat-gpt-3.5,neutral,0.9997265934944153
74743227,original-answer,neutral,0.9997106194496155
74743227,llama,neutral,0.999570906162262
75307309,chat-gpt-3.5,neutral,0.9996205568313599
75307309,original-answer,neutral,0.9995309114456177
75307309,llama,positive,0.9972226619720459
75410394,chat-gpt-3.5,neutral,0.9996901750564575
75410394,original-answer,neutral,0.6098363399505615
75410394,llama,neutral,0.99970942735672
75085893,chat-gpt-3.5,neutral,0.9997333884239197
75085893,original-answer,neutral,0.9993921518325806
75085893,llama,positive,0.9959107637405396
75434793,chat-gpt-3.5,neutral,0.999687910079956
75434793,original-answer,neutral,0.999739944934845
75434793,llama,neutral,0.9995436072349548
75778261,chat-gpt-3.5,neutral,0.9997324347496033
75778261,original-answer,neutral,0.9996846914291382
75778261,llama,neutral,0.9993649125099182
74677143,chat-gpt-3.5,neutral,0.9996799230575562
74677143,original-answer,neutral,0.9720892310142517
74677143,llama,positive,0.9985439777374268
75993119,chat-gpt-3.5,neutral,0.9997128844261169
75993119,original-answer,neutral,0.9996927976608276
75993119,llama,positive,0.997650682926178
74773637,chat-gpt-3.5,neutral,0.9996942281723022
74773637,original-answer,neutral,0.9996832609176636
74773637,llama,neutral,0.9996223449707031
74624685,chat-gpt-3.5,neutral,0.9996795654296875
74624685,original-answer,neutral,0.9994988441467285
74624685,llama,positive,0.9913111925125122
76011691,chat-gpt-3.5,neutral,0.999721348285675
76011691,original-answer,neutral,0.9975520968437195
76011691,llama,positive,0.9972019195556641
75340300,chat-gpt-3.5,neutral,0.9996836185455322
75340300,original-answer,neutral,0.9997661709785461
75340300,llama,neutral,0.9995397329330444
75534461,chat-gpt-3.5,neutral,0.9995790123939514
75534461,original-answer,neutral,0.9993036985397339
75534461,llama,neutral,0.9996953010559082
75220574,chat-gpt-3.5,neutral,0.9996675252914429
75220574,original-answer,neutral,0.999572217464447
75220574,llama,neutral,0.9995891451835632
75149224,chat-gpt-3.5,neutral,0.9997437596321106
75149224,original-answer,neutral,0.9997568726539612
75149224,llama,neutral,0.9989635944366455
75526159,chat-gpt-3.5,neutral,0.9996414184570312
75526159,original-answer,neutral,0.9996678829193115
75526159,llama,positive,0.8560307025909424
75448140,chat-gpt-3.5,neutral,0.9997631907463074
75448140,original-answer,neutral,0.999631404876709
75448140,llama,neutral,0.9997339844703674
75074930,chat-gpt-3.5,positive,0.9978905320167542
75074930,original-answer,neutral,0.9996567964553833
75074930,llama,neutral,0.9996767044067383
75176482,chat-gpt-3.5,neutral,0.99973064661026
75176482,original-answer,neutral,0.9996830224990845
75176482,llama,neutral,0.9996768236160278
74857640,chat-gpt-3.5,neutral,0.999760091304779
74857640,original-answer,neutral,0.999775230884552
74857640,llama,neutral,0.9990803003311157
74999834,chat-gpt-3.5,neutral,0.9997205138206482
74999834,original-answer,neutral,0.9996600151062012
74999834,llama,neutral,0.9997456669807434
74994173,chat-gpt-3.5,neutral,0.9996170997619629
74994173,original-answer,neutral,0.9997209906578064
74994173,llama,neutral,0.9996346235275269
74960462,chat-gpt-3.5,neutral,0.9997541308403015
74960462,original-answer,neutral,0.9997766613960266
74960462,llama,neutral,0.9997370839118958
75445007,chat-gpt-3.5,neutral,0.9997227787971497
75445007,original-answer,neutral,0.9991517066955566
75445007,llama,neutral,0.9996167421340942
75412792,chat-gpt-3.5,neutral,0.9994552731513977
75412792,original-answer,neutral,0.9996861219406128
75412792,llama,neutral,0.9996522665023804
75314123,chat-gpt-3.5,neutral,0.9996626377105713
75314123,original-answer,neutral,0.9997163414955139
75314123,llama,neutral,0.9996914863586426
74866512,chat-gpt-3.5,neutral,0.9997397065162659
74866512,original-answer,neutral,0.999710738658905
74866512,llama,neutral,0.9997230172157288
75045986,chat-gpt-3.5,neutral,0.9997170567512512
75045986,original-answer,neutral,0.9996128678321838
75045986,llama,positive,0.9667835831642151
75666984,chat-gpt-3.5,neutral,0.9997108578681946
75666984,original-answer,neutral,0.9984148740768433
75666984,llama,positive,0.9978500604629517
75132488,chat-gpt-3.5,neutral,0.9997302889823914
75132488,original-answer,neutral,0.9997450709342957
75132488,llama,neutral,0.9997043013572693
74765010,chat-gpt-3.5,neutral,0.9997132420539856
74765010,original-answer,neutral,0.9994402527809143
74765010,llama,neutral,0.9997503161430359
75802832,chat-gpt-3.5,neutral,0.99964439868927
75802832,original-answer,neutral,0.999642014503479
75802832,llama,neutral,0.9996579885482788
75299402,chat-gpt-3.5,neutral,0.9996682405471802
75299402,original-answer,neutral,0.9997461438179016
75299402,llama,neutral,0.999627947807312
74811238,chat-gpt-3.5,neutral,0.9997218251228333
74811238,original-answer,neutral,0.9997617602348328
74811238,llama,neutral,0.9996812343597412
76048911,chat-gpt-3.5,neutral,0.9997339844703674
76048911,original-answer,neutral,0.9921431541442871
76048911,llama,neutral,0.9996439218521118
75335522,chat-gpt-3.5,neutral,0.999160647392273
75335522,original-answer,neutral,0.9993230104446411
75335522,llama,neutral,0.9994814991950989
74621685,chat-gpt-3.5,neutral,0.9997468590736389
74621685,original-answer,neutral,0.9971405267715454
74621685,llama,neutral,0.9997298121452332
75439576,chat-gpt-3.5,neutral,0.9997639060020447
75439576,original-answer,neutral,0.9997398257255554
75439576,llama,neutral,0.9997565150260925
75449068,chat-gpt-3.5,neutral,0.9996806383132935
75449068,original-answer,neutral,0.9997357726097107
75449068,llama,neutral,0.999562680721283
75412883,chat-gpt-3.5,neutral,0.999652624130249
75412883,original-answer,neutral,0.9996587038040161
75412883,llama,neutral,0.9992607235908508
75363507,chat-gpt-3.5,neutral,0.9997666478157043
75363507,original-answer,neutral,0.999461829662323
75363507,llama,neutral,0.999606192111969
75679966,chat-gpt-3.5,neutral,0.9997630715370178
75679966,original-answer,neutral,0.9996069073677063
75679966,llama,positive,0.9990049004554749
74934504,chat-gpt-3.5,neutral,0.9997488856315613
74934504,original-answer,neutral,0.9997500777244568
74934504,llama,neutral,0.9997715353965759
75095945,chat-gpt-3.5,neutral,0.9997703433036804
75095945,original-answer,neutral,0.9990637898445129
75095945,llama,neutral,0.9997488856315613
75852462,chat-gpt-3.5,neutral,0.9997237324714661
75852462,original-answer,neutral,0.99977046251297
75852462,llama,neutral,0.9996817111968994
74777076,chat-gpt-3.5,neutral,0.9996641874313354
74777076,original-answer,neutral,0.9997045397758484
74777076,llama,neutral,0.9995976090431213
74795206,chat-gpt-3.5,neutral,0.9996833801269531
74795206,original-answer,neutral,0.9996722936630249
74795206,llama,neutral,0.9996784925460815
75604275,chat-gpt-3.5,neutral,0.9997325539588928
75604275,original-answer,neutral,0.9996803998947144
75604275,llama,neutral,0.9996294975280762
75768912,chat-gpt-3.5,neutral,0.9996987581253052
75768912,original-answer,neutral,0.9997662901878357
75768912,llama,neutral,0.9997135996818542
75980105,chat-gpt-3.5,neutral,0.9996918439865112
75980105,original-answer,neutral,0.9997063279151917
75980105,llama,positive,0.999220609664917
74933094,chat-gpt-3.5,neutral,0.9997549653053284
74933094,original-answer,neutral,0.9997625946998596
74933094,llama,neutral,0.9255854487419128
75058127,chat-gpt-3.5,neutral,0.9995869994163513
75058127,original-answer,neutral,0.9997697472572327
75058127,llama,neutral,0.9996464252471924
75380288,chat-gpt-3.5,neutral,0.9997226595878601
75380288,original-answer,neutral,0.9984594583511353
75380288,llama,neutral,0.9997574687004089
74935947,chat-gpt-3.5,neutral,0.9994552731513977
74935947,original-answer,neutral,0.999607503414154
74935947,llama,neutral,0.9976620674133301
75385779,chat-gpt-3.5,neutral,0.9997648596763611
75385779,original-answer,neutral,0.9997020363807678
75385779,llama,neutral,0.9997552037239075
74753176,chat-gpt-3.5,neutral,0.9997321963310242
74753176,original-answer,neutral,0.9997264742851257
74753176,llama,positive,0.9997783303260803
75642280,chat-gpt-3.5,neutral,0.9993738532066345
75642280,original-answer,neutral,0.9935216307640076
75642280,llama,neutral,0.9996334314346313
75354216,chat-gpt-3.5,neutral,0.9997408986091614
75354216,original-answer,neutral,0.9996609687805176
75354216,llama,neutral,0.9996559619903564
75035488,chat-gpt-3.5,neutral,0.9996210336685181
75035488,original-answer,positive,0.9997654557228088
75035488,llama,neutral,0.9997377991676331
75463207,chat-gpt-3.5,neutral,0.9996201992034912
75463207,original-answer,neutral,0.9997491240501404
75463207,llama,neutral,0.9997091889381409
75210719,chat-gpt-3.5,neutral,0.9996486902236938
75210719,original-answer,neutral,0.9996854066848755
75210719,llama,neutral,0.9997041821479797
75785613,chat-gpt-3.5,neutral,0.9997214674949646
75785613,original-answer,neutral,0.9991375207901001
75785613,llama,neutral,0.9997296929359436
75948146,chat-gpt-3.5,positive,0.9986647367477417
75948146,original-answer,positive,0.997175931930542
75948146,llama,positive,0.9977491497993469
75698936,chat-gpt-3.5,neutral,0.9996789693832397
75698936,original-answer,neutral,0.9997451901435852
75698936,llama,positive,0.9997606873512268
75056287,chat-gpt-3.5,neutral,0.9995311498641968
75056287,original-answer,neutral,0.9996142387390137
75056287,llama,neutral,0.9996083378791809
74768073,chat-gpt-3.5,neutral,0.9996886253356934
74768073,original-answer,neutral,0.9997574687004089
74768073,llama,positive,0.8726511597633362
75090788,chat-gpt-3.5,neutral,0.9996330738067627
75090788,original-answer,neutral,0.9997779726982117
75090788,llama,neutral,0.999238133430481
75428138,chat-gpt-3.5,neutral,0.9996417760848999
75428138,original-answer,neutral,0.9996284246444702
75428138,llama,neutral,0.9996387958526611
75259064,chat-gpt-3.5,neutral,0.9997097849845886
75259064,original-answer,neutral,0.9996055960655212
75259064,llama,neutral,0.9240459203720093
75406341,chat-gpt-3.5,neutral,0.9997132420539856
75406341,original-answer,neutral,0.9996516704559326
75406341,llama,neutral,0.9996545314788818
76004983,chat-gpt-3.5,neutral,0.9997522234916687
76004983,original-answer,negative,0.9461685419082642
76004983,llama,positive,0.9833673238754272
75089553,chat-gpt-3.5,neutral,0.9996507167816162
75089553,original-answer,positive,0.9988595247268677
75089553,llama,neutral,0.9993011951446533
75650611,chat-gpt-3.5,neutral,0.9996140599250793
75650611,original-answer,neutral,0.984751284122467
75650611,llama,neutral,0.9982643723487854
74713371,chat-gpt-3.5,neutral,0.9996002316474915
74713371,original-answer,neutral,0.9994707703590393
74713371,llama,neutral,0.9996532201766968
75627568,chat-gpt-3.5,neutral,0.9996582269668579
75627568,original-answer,neutral,0.9930874705314636
75627568,llama,positive,0.9990026354789734
74746284,chat-gpt-3.5,neutral,0.9996801614761353
74746284,original-answer,negative,0.5797927379608154
74746284,llama,neutral,0.9997826218605042
76071743,chat-gpt-3.5,neutral,0.9997746348381042
76071743,original-answer,neutral,0.9997642636299133
76071743,llama,positive,0.9989151954650879
75726570,chat-gpt-3.5,neutral,0.999743640422821
75726570,original-answer,neutral,0.6736592650413513
75726570,llama,neutral,0.9995647072792053
74864399,chat-gpt-3.5,neutral,0.9997074007987976
74864399,original-answer,neutral,0.9994970560073853
74864399,llama,neutral,0.9996373653411865
75056105,chat-gpt-3.5,neutral,0.9997569918632507
75056105,original-answer,neutral,0.999667763710022
75056105,llama,neutral,0.9997009038925171
75188688,chat-gpt-3.5,neutral,0.999756395816803
75188688,original-answer,neutral,0.9996591806411743
75188688,llama,neutral,0.9992738366127014
75040685,chat-gpt-3.5,neutral,0.9997267127037048
75040685,original-answer,neutral,0.9996777772903442
75040685,llama,neutral,0.999106228351593
74991186,chat-gpt-3.5,neutral,0.9997430443763733
74991186,original-answer,neutral,0.9997219443321228
74991186,llama,positive,0.9987612962722778
74731934,chat-gpt-3.5,neutral,0.9996898174285889
74731934,original-answer,neutral,0.5716589689254761
74731934,llama,positive,0.9924367070198059
74825007,chat-gpt-3.5,neutral,0.999664306640625
74825007,original-answer,neutral,0.9996978044509888
74825007,llama,neutral,0.9996354579925537
74905593,chat-gpt-3.5,neutral,0.9997329115867615
74905593,original-answer,neutral,0.9995469450950623
74905593,llama,neutral,0.999693751335144
75438995,chat-gpt-3.5,neutral,0.9995653033256531
75438995,original-answer,neutral,0.9995672106742859
75438995,llama,neutral,0.9997462630271912
76021384,chat-gpt-3.5,neutral,0.9996850490570068
76021384,original-answer,neutral,0.9996727705001831
76021384,llama,positive,0.9994812607765198
75390841,chat-gpt-3.5,neutral,0.9997734427452087
75390841,original-answer,neutral,0.9997318387031555
75390841,llama,neutral,0.9713227152824402
74877491,chat-gpt-3.5,positive,0.9992902278900146
74877491,original-answer,neutral,0.9997486472129822
74877491,llama,neutral,0.9997437596321106
75950803,chat-gpt-3.5,neutral,0.9996917247772217
75950803,original-answer,negative,0.811608612537384
75950803,llama,neutral,0.9996416568756104
75461439,chat-gpt-3.5,neutral,0.9996770620346069
75461439,original-answer,neutral,0.9997370839118958
75461439,llama,neutral,0.9997491240501404
75080882,chat-gpt-3.5,neutral,0.9996259212493896
75080882,original-answer,neutral,0.9995982050895691
75080882,llama,positive,0.9990929365158081
75185409,chat-gpt-3.5,neutral,0.9997158646583557
75185409,original-answer,neutral,0.9997057318687439
75185409,llama,neutral,0.9992257356643677
75374281,chat-gpt-3.5,neutral,0.9992934465408325
75374281,original-answer,neutral,0.9997078776359558
75374281,llama,neutral,0.9997076392173767
75881502,chat-gpt-3.5,neutral,0.9996966123580933
75881502,original-answer,neutral,0.9973032474517822
75881502,llama,neutral,0.9997532963752747
74976717,chat-gpt-3.5,neutral,0.9995656609535217
74976717,original-answer,neutral,0.9996647834777832
74976717,llama,neutral,0.9996143579483032
75184994,chat-gpt-3.5,neutral,0.9997715353965759
75184994,original-answer,neutral,0.9997288584709167
75184994,llama,neutral,0.9996883869171143
74776471,chat-gpt-3.5,neutral,0.9995881915092468
74776471,original-answer,neutral,0.999646782875061
74776471,llama,positive,0.9989176988601685
74916407,chat-gpt-3.5,neutral,0.999734103679657
74916407,original-answer,neutral,0.9997571110725403
74916407,llama,neutral,0.9978179931640625
76066060,chat-gpt-3.5,neutral,0.9996036887168884
76066060,original-answer,neutral,0.9995529055595398
76066060,llama,neutral,0.9996576309204102
75318474,chat-gpt-3.5,neutral,0.9997221827507019
75318474,original-answer,neutral,0.9996258020401001
75318474,llama,neutral,0.9995716214179993
75204334,chat-gpt-3.5,neutral,0.9997560381889343
75204334,original-answer,neutral,0.7747812271118164
75204334,llama,neutral,0.9995954632759094
74997974,llama,neutral,0.9996523857116699
75205360,llama,neutral,0.9994702935218811
75083235,llama,positive,0.9991458654403687
75549944,chat-gpt-3.5,neutral,0.9997397065162659
75549944,original-answer,neutral,0.9997809529304504
75549944,llama,neutral,0.9996849298477173
75763820,llama,neutral,0.9993273019790649
75205665,llama,neutral,0.9996435642242432
76009085,llama,neutral,0.9997289776802063
75999602,llama,neutral,0.9996212720870972
74912847,llama,positive,0.9992703795433044
75196037,llama,neutral,0.9995842576026917
75003993,llama,neutral,0.9996803998947144
74871587,llama,neutral,0.9996845722198486
74652347,llama,neutral,0.9997294545173645
75827366,llama,neutral,0.9993047714233398
75555522,chat-gpt-3.5,neutral,0.9997158646583557
75555522,original-answer,neutral,0.9996421337127686
75555522,llama,neutral,0.9996721744537354
75056149,llama,neutral,0.9997007846832275
75257103,llama,neutral,0.9997497200965881
74670948,llama,neutral,0.9995704293251038
74778945,llama,neutral,0.9992637038230896
74807729,llama,positive,0.9980460405349731
75416375,llama,neutral,0.9993190765380859
75762757,llama,neutral,0.9997496008872986
75238728,llama,neutral,0.9993858337402344
74794400,llama,positive,0.9990679621696472
75764309,llama,neutral,0.9997259974479675
75619912,chat-gpt-3.5,neutral,0.9997387528419495
75619912,original-answer,neutral,0.9997674822807312
75619912,llama,neutral,0.9995773434638977
75815092,llama,neutral,0.9995133876800537
75514021,llama,neutral,0.9996665716171265
76009718,llama,neutral,0.995676577091217
74743835,llama,neutral,0.9996144771575928
75383462,llama,neutral,0.9995421171188354
74910014,llama,positive,0.9984492063522339
74776364,llama,neutral,0.9997490048408508
75052561,llama,neutral,0.5301300287246704
74930743,llama,neutral,0.999675989151001
75194484,chat-gpt-3.5,neutral,0.999699592590332
75194484,original-answer,neutral,0.9996583461761475
75194484,llama,neutral,0.9996376037597656
75723462,llama,positive,0.9997469782829285
75344215,llama,neutral,0.9997302889823914
75187395,llama,neutral,0.9996054768562317
75699798,llama,positive,0.9996973276138306
75610549,llama,neutral,0.9997383952140808
75621990,llama,neutral,0.9996964931488037
75648158,llama,neutral,0.99910968542099
75552848,llama,neutral,0.9992013573646545
75392538,llama,positive,0.9971945285797119
75694420,llama,neutral,0.9996614456176758
75377287,llama,neutral,0.9997296929359436
76082047,chat-gpt-3.5,neutral,0.9997262358665466
76082047,original-answer,neutral,0.9997480511665344
76082047,llama,neutral,0.9997170567512512
74659206,llama,neutral,0.9996508359909058
74698926,llama,neutral,0.7307716012001038
75978976,llama,neutral,0.9995225667953491
75585439,llama,neutral,0.9996620416641235
74661098,llama,positive,0.9993817806243896
75915685,llama,positive,0.9959064722061157
76028371,llama,neutral,0.9996849298477173
75130798,llama,neutral,0.5980895757675171
75409618,llama,neutral,0.9996846914291382
74708210,llama,neutral,0.9997089505195618
75801284,chat-gpt-3.5,neutral,0.9997397065162659
75801284,original-answer,neutral,0.9997077584266663
75801284,llama,neutral,0.9997602105140686
75144334,llama,neutral,0.9997507929801941
75036609,llama,positive,0.99964439868927
75666909,llama,neutral,0.9990774393081665
75554326,llama,neutral,0.9997413754463196
76024411,llama,neutral,0.9996498823165894
75039363,llama,neutral,0.999661922454834
75517381,llama,neutral,0.9732630848884583
75219282,llama,positive,0.9977927207946777
75022490,llama,neutral,0.9996899366378784
74626863,llama,neutral,0.9996944665908813
75610152,llama,neutral,0.9997406601905823
75194988,chat-gpt-3.5,neutral,0.999752938747406
75194988,original-answer,neutral,0.999071478843689
75194988,llama,neutral,0.9996275901794434
74721482,llama,neutral,0.9992121458053589
74906864,llama,neutral,0.9994565844535828
75569999,llama,neutral,0.9243112206459045
75709844,llama,neutral,0.9997445940971375
75248840,llama,neutral,0.9996321201324463
75100575,llama,positive,0.9982181191444397
75958646,llama,neutral,0.9997109770774841
74895100,llama,neutral,0.9997267127037048
75909740,llama,neutral,0.9995775818824768
75141541,llama,neutral,0.9616317749023438
75928075,chat-gpt-3.5,neutral,0.9997444748878479
75928075,original-answer,neutral,0.9996975660324097
75928075,llama,positive,0.9995644688606262
75672793,llama,positive,0.9988499879837036
74633644,llama,positive,0.9987095594406128
75758831,llama,neutral,0.9996874332427979
74871350,llama,neutral,0.9997343420982361
74704512,llama,neutral,0.9996862411499023
76018687,llama,neutral,0.999617338180542
75584772,llama,neutral,0.9997530579566956
74635523,llama,neutral,0.9997573494911194
75768527,llama,neutral,0.999618649482727
75659998,llama,positive,0.9996707439422607
75338255,llama,neutral,0.9996992349624634
75922766,chat-gpt-3.5,neutral,0.9997091889381409
75922766,original-answer,neutral,0.9995669722557068
75922766,llama,neutral,0.9997389912605286
75367179,llama,neutral,0.9996167421340942
75080442,llama,neutral,0.9995679259300232
75003039,llama,neutral,0.9996645450592041
74632731,llama,positive,0.9972172975540161
75264592,llama,neutral,0.999659538269043
74694970,llama,positive,0.9982410669326782
75029678,llama,neutral,0.9996664524078369
75780030,llama,neutral,0.9997110962867737
75902318,llama,neutral,0.999670147895813
74765075,chat-gpt-3.5,neutral,0.9997404217720032
74765075,original-answer,neutral,0.999667763710022
74765075,llama,neutral,0.9996745586395264
75062538,llama,neutral,0.9980149269104004
75915623,llama,neutral,0.9992276430130005
75349712,llama,neutral,0.999639630317688
75198599,llama,neutral,0.5147489905357361
75794776,llama,neutral,0.9996228218078613
74919045,llama,neutral,0.9598610997200012
75635774,llama,neutral,0.9992653727531433
75291308,llama,neutral,0.9996131062507629
74813041,llama,neutral,0.9981573224067688
74745783,chat-gpt-3.5,positive,0.9966891407966614
74745783,original-answer,neutral,0.9997575879096985
74745783,llama,neutral,0.9996795654296875
75369191,llama,neutral,0.9997320771217346
75426952,llama,neutral,0.9995670914649963
76012769,llama,neutral,0.999053418636322
75513958,llama,neutral,0.9995524287223816
74802863,llama,neutral,0.9996640682220459
74996056,llama,neutral,0.9996787309646606
75119837,llama,neutral,0.9996750354766846
75903800,llama,positive,0.7526081204414368
75346885,llama,neutral,0.9993682503700256
75012061,chat-gpt-3.5,neutral,0.9997051358222961
75012061,original-answer,neutral,0.9996180534362793
75012061,llama,positive,0.99892657995224
75135923,llama,neutral,0.9995375871658325
75958436,llama,neutral,0.9997047781944275
74637515,llama,neutral,0.9997351765632629
75715631,llama,positive,0.9962342381477356
75745637,llama,positive,0.9997310042381287
75919061,llama,positive,0.9997953772544861
75494817,llama,positive,0.9987468719482422
75644586,llama,neutral,0.9840455055236816
75449604,llama,neutral,0.9990072846412659
75977888,llama,neutral,0.9996848106384277
74870967,chat-gpt-3.5,neutral,0.9997093081474304
74870967,original-answer,neutral,0.9996235370635986
74870967,llama,neutral,0.9996618032455444
75135939,llama,neutral,0.9995262622833252
75346823,llama,neutral,0.9997410178184509
74733701,llama,neutral,0.9996790885925293
75499333,llama,neutral,0.9995402097702026
75193954,llama,neutral,0.9995937943458557
74997974,chat-gpt-3.5,neutral,0.9995160102844238
74997974,original-answer,neutral,0.9990354776382446
75205360,chat-gpt-3.5,neutral,0.999584972858429
75205360,original-answer,neutral,0.9996341466903687
75083235,chat-gpt-3.5,neutral,0.999609649181366
75083235,original-answer,neutral,0.9997054934501648
75763820,chat-gpt-3.5,neutral,0.9997137188911438
75763820,original-answer,neutral,0.9988958835601807
75205665,chat-gpt-3.5,neutral,0.9996998310089111
75205665,original-answer,neutral,0.9994553923606873
76009085,chat-gpt-3.5,neutral,0.9997441172599792
76009085,original-answer,neutral,0.9967743754386902
75999602,chat-gpt-3.5,neutral,0.9997171759605408
75999602,original-answer,neutral,0.999638557434082
74912847,chat-gpt-3.5,neutral,0.9996298551559448
74912847,original-answer,neutral,0.9795479774475098
75196037,chat-gpt-3.5,neutral,0.9996664524078369
75196037,original-answer,neutral,0.9994828701019287
75003993,chat-gpt-3.5,neutral,0.9997053742408752
75003993,original-answer,neutral,0.999484658241272
74871587,chat-gpt-3.5,neutral,0.9997392296791077
74871587,original-answer,neutral,0.9996647834777832
74652347,chat-gpt-3.5,neutral,0.9997261166572571
74652347,original-answer,neutral,0.9992687106132507
75827366,chat-gpt-3.5,neutral,0.9997187256813049
75827366,original-answer,neutral,0.999626636505127
75056149,chat-gpt-3.5,neutral,0.9261103868484497
75056149,original-answer,neutral,0.9997919201850891
75257103,chat-gpt-3.5,neutral,0.99962317943573
75257103,original-answer,neutral,0.9995734095573425
74670948,chat-gpt-3.5,neutral,0.9996205568313599
74670948,original-answer,neutral,0.9996786117553711
74778945,chat-gpt-3.5,neutral,0.999727189540863
74778945,original-answer,neutral,0.9996910095214844
74807729,chat-gpt-3.5,neutral,0.9997546076774597
74807729,original-answer,neutral,0.9961174726486206
75416375,chat-gpt-3.5,neutral,0.9996161460876465
75416375,original-answer,neutral,0.9995386600494385
75762757,chat-gpt-3.5,neutral,0.9997506737709045
75762757,original-answer,neutral,0.9993460774421692
75238728,chat-gpt-3.5,neutral,0.9997071623802185
75238728,original-answer,neutral,0.9993813037872314
74794400,chat-gpt-3.5,neutral,0.9996138215065002
74794400,original-answer,neutral,0.9997507929801941
75764309,chat-gpt-3.5,neutral,0.9996806383132935
75764309,original-answer,neutral,0.9996246099472046
75815092,chat-gpt-3.5,neutral,0.9997190833091736
75815092,original-answer,neutral,0.9996882677078247
75514021,chat-gpt-3.5,neutral,0.9997085928916931
75514021,original-answer,neutral,0.9996337890625
76009718,chat-gpt-3.5,neutral,0.9996845722198486
76009718,original-answer,neutral,0.9843947887420654
74743835,chat-gpt-3.5,neutral,0.9996135830879211
74743835,original-answer,neutral,0.9966663718223572
75383462,chat-gpt-3.5,neutral,0.9996514320373535
75383462,original-answer,neutral,0.9968047142028809
74910014,chat-gpt-3.5,neutral,0.9994946718215942
74910014,original-answer,neutral,0.9997574687004089
74776364,chat-gpt-3.5,positive,0.9994857311248779
74776364,original-answer,neutral,0.9997726082801819
75052561,chat-gpt-3.5,neutral,0.9997349381446838
75052561,original-answer,neutral,0.9995859265327454
74930743,chat-gpt-3.5,neutral,0.9996558427810669
74930743,original-answer,neutral,0.9997468590736389
75723462,chat-gpt-3.5,neutral,0.9996034502983093
75723462,original-answer,neutral,0.9997445940971375
75344215,chat-gpt-3.5,neutral,0.9997652173042297
75344215,original-answer,neutral,0.9996343851089478
75187395,chat-gpt-3.5,neutral,0.9996232986450195
75187395,original-answer,neutral,0.9967400431632996
75699798,chat-gpt-3.5,neutral,0.9996784925460815
75699798,original-answer,neutral,0.999724805355072
75610549,chat-gpt-3.5,neutral,0.9994613528251648
75610549,original-answer,neutral,0.9996026158332825
75621990,chat-gpt-3.5,neutral,0.9996916055679321
75621990,original-answer,neutral,0.9995889067649841
75648158,chat-gpt-3.5,neutral,0.9996832609176636
75648158,original-answer,neutral,0.9997350573539734
75552848,chat-gpt-3.5,neutral,0.9994428753852844
75552848,original-answer,neutral,0.9993792772293091
75392538,chat-gpt-3.5,neutral,0.999747097492218
75392538,original-answer,neutral,0.8538435101509094
75694420,chat-gpt-3.5,neutral,0.9996663331985474
75694420,original-answer,neutral,0.9996801614761353
75377287,chat-gpt-3.5,positive,0.9988861680030823
75377287,original-answer,neutral,0.9876556992530823
74659206,chat-gpt-3.5,neutral,0.9996917247772217
74659206,original-answer,neutral,0.9995465874671936
74698926,chat-gpt-3.5,neutral,0.9997076392173767
74698926,original-answer,neutral,0.9997294545173645
75978976,chat-gpt-3.5,neutral,0.9994994401931763
75978976,original-answer,neutral,0.9996373653411865
75585439,chat-gpt-3.5,neutral,0.9997509121894836
75585439,original-answer,neutral,0.9950201511383057
74661098,chat-gpt-3.5,neutral,0.9996465444564819
74661098,original-answer,neutral,0.9996953010559082
75915685,chat-gpt-3.5,neutral,0.9996798038482666
75915685,original-answer,neutral,0.9997510313987732
76028371,chat-gpt-3.5,neutral,0.9996153116226196
76028371,original-answer,neutral,0.9996228218078613
75130798,chat-gpt-3.5,neutral,0.9997689127922058
75130798,original-answer,neutral,0.9997203946113586
75409618,chat-gpt-3.5,neutral,0.9997479319572449
75409618,original-answer,neutral,0.9968773126602173
74708210,chat-gpt-3.5,neutral,0.9996134638786316
74708210,original-answer,neutral,0.999650239944458
75144334,chat-gpt-3.5,neutral,0.9997327923774719
75144334,original-answer,neutral,0.9996596574783325
75036609,chat-gpt-3.5,neutral,0.9996974468231201
75036609,original-answer,neutral,0.9962286949157715
75666909,chat-gpt-3.5,neutral,0.9997138381004333
75666909,original-answer,neutral,0.9994912147521973
75554326,chat-gpt-3.5,neutral,0.9997043013572693
75554326,original-answer,neutral,0.999670147895813
76024411,chat-gpt-3.5,neutral,0.9996377229690552
76024411,original-answer,neutral,0.9997219443321228
75039363,chat-gpt-3.5,neutral,0.9996747970581055
75039363,original-answer,neutral,0.9997510313987732
75517381,chat-gpt-3.5,neutral,0.9996460676193237
75517381,original-answer,neutral,0.9996833801269531
75219282,chat-gpt-3.5,neutral,0.9997289776802063
75219282,original-answer,neutral,0.999482274055481
75022490,chat-gpt-3.5,neutral,0.9997517466545105
75022490,original-answer,neutral,0.9995206594467163
74626863,chat-gpt-3.5,neutral,0.9997583031654358
74626863,original-answer,neutral,0.9997797608375549
75610152,chat-gpt-3.5,neutral,0.9995953440666199
75610152,original-answer,neutral,0.7879098057746887
74721482,chat-gpt-3.5,neutral,0.9969846606254578
74721482,original-answer,neutral,0.9997113347053528
74906864,chat-gpt-3.5,neutral,0.9995459914207458
74906864,original-answer,neutral,0.9997206330299377
75569999,chat-gpt-3.5,neutral,0.999692440032959
75569999,original-answer,neutral,0.9997316002845764
75709844,chat-gpt-3.5,neutral,0.999678373336792
75709844,original-answer,neutral,0.9996293783187866
75248840,chat-gpt-3.5,neutral,0.9996700286865234
75248840,original-answer,neutral,0.9991974234580994
75100575,chat-gpt-3.5,neutral,0.9996076226234436
75100575,original-answer,neutral,0.9997020363807678
75958646,chat-gpt-3.5,neutral,0.9997380375862122
75958646,original-answer,neutral,0.9988632202148438
74895100,chat-gpt-3.5,neutral,0.9996756315231323
74895100,original-answer,neutral,0.9997764229774475
75909740,chat-gpt-3.5,neutral,0.9997106194496155
75909740,original-answer,neutral,0.9993509650230408
75141541,chat-gpt-3.5,neutral,0.9997336268424988
75141541,original-answer,neutral,0.9997395873069763
75672793,chat-gpt-3.5,neutral,0.9993096590042114
75672793,original-answer,neutral,0.881956934928894
74633644,chat-gpt-3.5,neutral,0.9997301697731018
74633644,original-answer,neutral,0.9996423721313477
75758831,chat-gpt-3.5,neutral,0.9996784925460815
75758831,original-answer,neutral,0.9996656179428101
74871350,chat-gpt-3.5,neutral,0.9996345043182373
74871350,original-answer,neutral,0.7664837837219238
74704512,chat-gpt-3.5,neutral,0.9996107220649719
74704512,original-answer,neutral,0.9997125267982483
76018687,chat-gpt-3.5,neutral,0.9995525479316711
76018687,original-answer,neutral,0.9997219443321228
75584772,chat-gpt-3.5,positive,0.9475377798080444
75584772,original-answer,neutral,0.9968055486679077
74635523,chat-gpt-3.5,neutral,0.9997285008430481
74635523,original-answer,neutral,0.9997395873069763
75768527,chat-gpt-3.5,neutral,0.9996644258499146
75768527,original-answer,neutral,0.9995431900024414
75659998,chat-gpt-3.5,neutral,0.9997444748878479
75659998,original-answer,neutral,0.9997277855873108
75338255,chat-gpt-3.5,neutral,0.9996911287307739
75338255,original-answer,neutral,0.9997537732124329
75367179,chat-gpt-3.5,neutral,0.9996702671051025
75367179,original-answer,neutral,0.9996992349624634
75080442,chat-gpt-3.5,neutral,0.9996575117111206
75080442,original-answer,neutral,0.998198926448822
75003039,chat-gpt-3.5,neutral,0.9997084736824036
75003039,original-answer,neutral,0.9997325539588928
74632731,chat-gpt-3.5,neutral,0.9997360110282898
74632731,original-answer,neutral,0.9997721314430237
75264592,chat-gpt-3.5,neutral,0.9997037053108215
75264592,original-answer,neutral,0.99953293800354
74694970,chat-gpt-3.5,neutral,0.999700665473938
74694970,original-answer,neutral,0.9996671676635742
75029678,chat-gpt-3.5,neutral,0.9997527003288269
75029678,original-answer,neutral,0.9996825456619263
75780030,chat-gpt-3.5,neutral,0.9995853304862976
75780030,original-answer,neutral,0.9995073080062866
75902318,chat-gpt-3.5,neutral,0.999481737613678
75902318,original-answer,neutral,0.9997578263282776
75062538,chat-gpt-3.5,neutral,0.9996258020401001
75062538,original-answer,neutral,0.9997232556343079
75915623,chat-gpt-3.5,neutral,0.9997259974479675
75915623,original-answer,neutral,0.9997279047966003
75349712,chat-gpt-3.5,neutral,0.9995954632759094
75349712,original-answer,neutral,0.998080849647522
75198599,chat-gpt-3.5,neutral,0.9997219443321228
75198599,original-answer,neutral,0.999657392501831
75794776,chat-gpt-3.5,neutral,0.9992324113845825
75794776,original-answer,neutral,0.9997299313545227
74919045,chat-gpt-3.5,neutral,0.9997832179069519
74919045,original-answer,neutral,0.9971762895584106
75635774,chat-gpt-3.5,neutral,0.9996277093887329
75635774,original-answer,neutral,0.999323844909668
75291308,chat-gpt-3.5,neutral,0.9997058510780334
75291308,original-answer,neutral,0.9996374845504761
74813041,chat-gpt-3.5,neutral,0.9997658133506775
74813041,original-answer,neutral,0.9996949434280396
75369191,chat-gpt-3.5,neutral,0.9996364116668701
75369191,original-answer,neutral,0.9996629953384399
75426952,chat-gpt-3.5,neutral,0.999508261680603
75426952,original-answer,neutral,0.9994568228721619
76012769,chat-gpt-3.5,neutral,0.9997404217720032
76012769,original-answer,neutral,0.9993088245391846
75513958,chat-gpt-3.5,neutral,0.9996662139892578
75513958,original-answer,neutral,0.9997709393501282
74802863,chat-gpt-3.5,neutral,0.9995169639587402
74802863,original-answer,neutral,0.999605119228363
74996056,chat-gpt-3.5,neutral,0.9997683167457581
74996056,original-answer,neutral,0.9984279870986938
75119837,chat-gpt-3.5,neutral,0.9997114539146423
75119837,original-answer,neutral,0.9996278285980225
75903800,chat-gpt-3.5,neutral,0.9996523857116699
75903800,original-answer,neutral,0.9996563196182251
75346885,chat-gpt-3.5,neutral,0.9996590614318848
75346885,original-answer,neutral,0.9993153810501099
75135923,chat-gpt-3.5,neutral,0.999569833278656
75135923,original-answer,neutral,0.9996744394302368
75958436,chat-gpt-3.5,neutral,0.9995278120040894
75958436,original-answer,neutral,0.8288282752037048
74637515,chat-gpt-3.5,neutral,0.9997591376304626
74637515,original-answer,neutral,0.9996165037155151
75715631,chat-gpt-3.5,neutral,0.9996534585952759
75715631,original-answer,neutral,0.9997484087944031
75745637,chat-gpt-3.5,neutral,0.9996492862701416
75745637,original-answer,neutral,0.9997068047523499
75919061,chat-gpt-3.5,positive,0.9956713914871216
75919061,original-answer,neutral,0.9997443556785583
75494817,chat-gpt-3.5,neutral,0.9997468590736389
75494817,original-answer,neutral,0.9997435212135315
75644586,chat-gpt-3.5,neutral,0.9996411800384521
75644586,original-answer,neutral,0.994523286819458
75449604,chat-gpt-3.5,neutral,0.9996440410614014
75449604,original-answer,neutral,0.9972919821739197
75977888,chat-gpt-3.5,neutral,0.9996908903121948
75977888,original-answer,neutral,0.9997429251670837
75135939,chat-gpt-3.5,neutral,0.9996567964553833
75135939,original-answer,neutral,0.9996234178543091
75346823,chat-gpt-3.5,neutral,0.999711811542511
75346823,original-answer,neutral,0.999649167060852
74733701,chat-gpt-3.5,neutral,0.9997088313102722
74733701,original-answer,neutral,0.9997246861457825
75841863,llama,neutral,0.9995740056037903
75841863,chat-gpt-3.5,neutral,0.999407172203064
75841863,original-answer,neutral,0.9996362924575806
76030821,llama,positive,0.9995260238647461
76030821,chat-gpt-3.5,neutral,0.9997311234474182
76030821,original-answer,neutral,0.9997523427009583
75011823,llama,neutral,0.9995207786560059
75011823,chat-gpt-3.5,neutral,0.9997223019599915
75011823,original-answer,negative,0.9436652064323425
75353543,llama,neutral,0.9996163845062256
75353543,chat-gpt-3.5,neutral,0.9996744394302368
75353543,original-answer,neutral,0.9995810389518738
75789993,llama,neutral,0.9992434978485107
75789993,chat-gpt-3.5,neutral,0.9997543692588806
75789993,original-answer,neutral,0.9996542930603027
75429405,llama,neutral,0.9996953010559082
75429405,chat-gpt-3.5,neutral,0.999687671661377
75429405,original-answer,neutral,0.9977285265922546
75377220,llama,neutral,0.9994632601737976
75377220,chat-gpt-3.5,positive,0.9927775859832764
75377220,original-answer,neutral,0.9997844099998474
75055688,llama,positive,0.9997859597206116
75055688,chat-gpt-3.5,neutral,0.9996652603149414
75055688,original-answer,neutral,0.9997000694274902
75504826,llama,neutral,0.9995055198669434
75504826,chat-gpt-3.5,neutral,0.9996522665023804
75504826,original-answer,neutral,0.7185347676277161
74911648,llama,positive,0.9963527917861938
74911648,chat-gpt-3.5,neutral,0.9996341466903687
74911648,original-answer,neutral,0.9971701502799988
75044024,llama,neutral,0.999695897102356
75044024,chat-gpt-3.5,neutral,0.9997428059577942
75044024,original-answer,neutral,0.9989118576049805
74844464,llama,neutral,0.9997637867927551
74844464,chat-gpt-3.5,neutral,0.9997656941413879
74844464,original-answer,neutral,0.9997155070304871
74959366,llama,neutral,0.9997178912162781
74959366,chat-gpt-3.5,neutral,0.9997180104255676
74959366,original-answer,neutral,0.9995438456535339
75260382,llama,neutral,0.9995772242546082
75260382,chat-gpt-3.5,neutral,0.999693751335144
75260382,original-answer,neutral,0.9996196031570435
75341458,llama,positive,0.9997993111610413
75341458,chat-gpt-3.5,neutral,0.9997305274009705
75341458,original-answer,neutral,0.9997689127922058
